{
  "version": 1,
  "entries": [
    {
      "product": "wordpress",
      "match": {
        "version_regex": "^6\\."
      },
      "cves": [
        {
          "id": "CVE-EXAMPLE-0001",
          "severity": "medium",
          "title": "Example entry: demonstrate local mapping (replace with your real data)",
          "url": "https://cve.mitre.org/",
          "notes": "This is a placeholder. Do not treat as real. Maintain your own mapping file."
        }
      ]
    },
    {
      "product": "apache",
      "match": {
        "version_regex": "^2\\.4\\."
      },
      "cves": [
        {
          "id": "CVE-EXAMPLE-0002",
          "severity": "low",
          "title": "Example entry: Apache 2.4.x mapping placeholder",
          "url": "https://httpd.apache.org/security/",
          "notes": "Placeholder only."
        }
      ]
    }
  ]
}
